"Y","bonf","permutation_threshold","hits_bonf","hits_perm","shapiro.test"
"Y1",1.83867603557912e-08,2.85130864917082e-07,0,1,0.350373593624091
"Y10",1.84012412741314e-08,1.87034140685998e-07,0,0,0.00602148453209712
"Y100",1.89475614867318e-08,2.6483544211589e-12,218,4,1.95506251307826e-14
"Y101",1.95920849544151e-08,3.01701674157236e-07,0,0,0.0954472186520968
"Y102",1.83294132828126e-08,1.06145220251807e-10,448,118,9.53610603551263e-20
"Y103",1.84012412741314e-08,7.19673710890341e-15,246,0,2.16855001205372e-14
"Y104",1.84983895302075e-08,1.21389646745196e-15,650,0,2.86827029307764e-16
"Y105",1.95920849544151e-08,2.52616648244384e-07,0,0,0.52122701940735
"Y106",1.96021008747634e-08,3.45085282960067e-09,0,0,3.21301981923799e-08
"Y107",1.84012412741314e-08,3.98349929419084e-10,0,0,3.16788132076449e-08
"Y108",1.79414677555942e-08,1.054855757064e-07,0,0,0.0229263435773258
"Y109",1.7974387217191e-08,8.74960893155181e-09,0,0,0.00797398452315632
"Y11",1.84921432431003e-08,8.30423043016708e-10,373,105,1.79800327921856e-16
"Y110",1.79867243584855e-08,1.16636233024877e-07,18,84,1.30156675389168e-15
"Y111",1.79920899575711e-08,2.20582147321316e-10,1,0,7.02678379066866e-07
"Y112",1.79381721433102e-08,7.81688062935676e-08,0,0,0.339160936666991
"Y113",1.80239870429162e-08,5.02557573707107e-16,668,5,2.50988035060949e-21
"Y114",1.83217161438504e-08,1.99184460517577e-10,0,0,1.29865428041718e-10
"Y115",1.79495832106778e-08,9.29459704910931e-08,3,5,5.36058023834346e-06
"Y116",1.79354052791789e-08,2.84357660910432e-10,75,11,4.59823778428978e-16
"Y117",1.80245198358038e-08,1.85522889425052e-16,646,0,5.47231743002706e-21
"Y118",1.79351286397102e-08,3.62201843416129e-13,71,0,2.74059351180741e-18
"Y119",1.79343052052886e-08,1.25442927159862e-10,21,2,2.36927755995254e-13
"Y12",1.83934566381617e-08,4.01308755905968e-07,0,0,4.2603993371945e-19
"Y120",1.80253320806929e-08,2.2889880131609e-24,1574,0,6.8164478125059e-24
"Y121",1.79346911807591e-08,2.54534604551905e-10,233,21,3.64429804411146e-24
"Y122",1.82986366783729e-08,5.155261475108e-09,0,0,1.67878206408083e-07
"Y123",1.79488099938974e-08,7.96516802399189e-08,120,154,4.01795688769007e-18
"Y124",1.80166481035136e-08,1.31483826451642e-07,0,1,3.19263690626048e-05
"Y125",1.79344660263823e-08,1.9384093090118e-10,18,3,2.26209123450136e-13
"Y126",1.80245198358038e-08,5.69319481405227e-11,389,7,1.34682108080713e-13
"Y1267",1.92566397856813e-08,2.53806810859085e-33,6642,7,3.04877092617928e-23
"Y1268",1.92566397856813e-08,5.35219286372931e-22,1551,0,1.3574234237669e-20
"Y1269",1.92566397856813e-08,5.78903849643208e-26,1956,0,1.05065093635672e-21
"Y127",1.79769399005731e-08,6.38641905189728e-08,2,2,2.07197428641889e-08
"Y1270",1.92566397856813e-08,2.21967496652235e-17,3224,29,1.66136171668065e-15
"Y1271",1.92566397856813e-08,4.47989417539217e-08,0,1,0.00354953615601082
"Y1272",1.92566397856813e-08,3.35167533032705e-14,38,0,4.2942619509419e-13
"Y1273",1.92566397856813e-08,2.47381558823579e-07,0,3,0.00356677644170743
"Y1274",1.89918661635595e-08,2.47879022275498e-20,1036,1,1.14295363837371e-22
"Y1275",1.89918661635595e-08,4.0888486414532e-40,5300,7,8.20617894579091e-24
"Y1276",1.89918661635595e-08,3.50298656243343e-41,7108,0,4.51733742225156e-24
"Y1277",1.89918661635595e-08,8.4940859648724e-13,98,0,1.14352427367803e-11
"Y1278",1.89918661635595e-08,3.0921257075294e-08,0,0,0.00222973474640544
"Y1279",1.89918661635595e-08,1.15262459788423e-16,23,0,2.61861467507096e-13
"Y128",1.79364411446176e-08,9.03148328151552e-08,0,0,0.0208621056765309
"Y1280",1.89918661635595e-08,1.03916933519964e-07,0,0,0.106972343965865
"Y1281",1.92566397856813e-08,3.62168421100271e-26,4407,0,1.83172713541494e-22
"Y1282",1.92566397856813e-08,2.1031960003129e-16,39,0,9.52653342347805e-20
"Y1283",1.92566397856813e-08,1.52662680103371e-31,5146,0,2.1488502589457e-22
"Y1284",1.92566397856813e-08,1.16923410270203e-15,2593,29,1.83856194344544e-14
"Y1285",1.92566397856813e-08,7.87257582571263e-09,3,0,0.000319579069924533
"Y1286",1.92644004282862e-08,1.46774089800307e-21,1529,0,5.93206915175412e-18
"Y1287",1.92644004282862e-08,3.10881730169762e-08,0,0,0.000426951410133006
"Y1288",1.89918661635595e-08,2.50274852625562e-22,1769,0,1.80965284311891e-22
"Y1289",1.89918661635595e-08,5.03531322033621e-28,3011,1,2.33879641198353e-22
"Y129",1.79354052791789e-08,4.17728940418141e-11,117,3,1.37989956646765e-24
"Y1290",1.89918661635595e-08,3.2625043391935e-31,6462,751,2.22287706069777e-23
"Y1291",1.89918661635595e-08,3.56728822511196e-12,103,0,3.99313230101876e-12
"Y1292",1.89918661635595e-08,9.17037082146449e-08,0,0,0.0280235643807804
"Y1293",1.89918661635595e-08,4.34920008412876e-21,1199,0,1.08077350898472e-16
"Y1294",1.89918661635595e-08,8.78336145124354e-10,0,0,5.80083483689155e-06
"Y13",1.95920849544151e-08,4.84858274848956e-08,0,0,0.00323146586429638
"Y130",1.80245198358038e-08,1.17035216836847e-17,1652,18,5.32412506383577e-26
"Y1307",1.84118525195884e-08,9.38123794706376e-08,0,0,4.12453212568023e-05
"Y1308",1.84118525195884e-08,2.67695279691984e-10,0,0,3.46679674450343e-13
"Y1309",1.84154601471027e-08,4.47293669732365e-09,1,0,1.23229716270542e-12
"Y131",1.79357140961082e-08,7.07712556908266e-08,0,0,0.0588779611538088
"Y1310",1.84254291558832e-08,3.66062689477064e-07,0,4,0.00298099536031227
"Y1311",1.90690344813909e-08,4.79926885315288e-08,0,0,0.152931411153485
"Y1312",1.91224698582069e-08,2.3739792477576e-10,0,0,2.09013979871498e-07
"Y1313",1.90690344813909e-08,5.92133813616193e-08,0,0,0.319100908233454
"Y1314",1.90321178407834e-08,4.77874839884782e-16,223,0,1.88913696499925e-10
"Y1315",1.91224698582069e-08,7.95165224825736e-09,0,0,1.1717546773703e-07
"Y1316",1.91224698582069e-08,8.82694219630028e-11,39,0,1.66959773911195e-11
"Y1317",1.90690344813909e-08,2.01617508654681e-07,0,0,0.0474617201597046
"Y132",1.80239870429162e-08,1.67423492541487e-11,391,6,1.09287544737031e-13
"Y133",1.80606019887613e-08,3.83002490949487e-08,0,0,0.00140902118263458
"Y134",1.79349678067328e-08,8.03667950201462e-12,415,4,1.23970464767416e-22
"Y135",1.79839619027751e-08,1.13029601243065e-07,0,0,0.585997749947265
"Y136",1.80247992397861e-08,4.15875928145787e-15,1198,51,2.30336397879762e-24
"Y137",1.79404892443179e-08,1.80076217065218e-07,0,1,3.62895766825321e-06
"Y138",1.81945543698771e-08,1.33681185627081e-07,0,0,0.483210906293145
"Y1388",1.84358847860442e-08,4.75322152080228e-07,0,0,0.088458886182475
"Y1389",1.84358847860442e-08,1.48377482256068e-07,0,0,0.820565217097414
"Y139",1.80163429850486e-08,1.42245668887607e-08,0,0,2.24090909273474e-06
"Y1390",1.93765779800693e-08,2.89440518808267e-07,0,3,0.181549144736543
"Y1391",1.85856678480956e-08,1.22075779663558e-21,668,0,1.49550677828644e-20
"Y1392",1.85863518188232e-08,1.60695552771143e-09,0,0,5.96197341264526e-06
"Y1393",1.85863518188232e-08,7.50654255926871e-18,114,0,1.55632222571471e-16
"Y1394",1.85863518188232e-08,5.88873244678113e-11,0,0,2.79566392457062e-07
"Y1395",1.85863518188232e-08,2.77418913192434e-26,913,0,1.29506262586668e-18
"Y1396",1.85898968372265e-08,8.86264662469835e-27,619,0,7.79832771865227e-21
"Y1397",1.88155179855655e-08,7.09177134313721e-58,7914,0,1.97284939335893e-24
"Y1398",2.02486698648766e-08,1.54013870685555e-20,3193,0,8.59237800264336e-15
"Y1399",1.95702529024642e-08,1.01327135684396e-39,7890,0,7.3645632687655e-19
"Y14",1.83950739463578e-08,4.79084427518631e-08,0,0,0.00732337344188826
"Y140",1.79346911807591e-08,3.30294048058995e-10,233,175,3.4321099301337e-26
"Y1400",1.85863518188232e-08,4.19055529103762e-13,308,0,8.11363083837875e-11
"Y1401",1.85863518188232e-08,8.07296640412964e-28,922,0,1.93143668065412e-17
"Y1402",1.85863518188232e-08,6.38385341589905e-62,5664,1,1.16108009215378e-24
"Y141",1.80239870429162e-08,7.42038895263318e-11,386,8,4.76380847565283e-21
"Y142",1.8591894528926e-08,6.98029704161762e-08,0,0,3.07553888124962e-05
"Y143",1.8591894528926e-08,1.79364046481027e-07,0,0,5.35336177691365e-05
"Y144",1.77847715403817e-08,3.4452426811004e-09,835,620,1.71499461296807e-22
"Y145",1.77847715403817e-08,4.8695306393703e-09,603,527,5.06681388100771e-19
"Y146",1.77847715403817e-08,1.66446201723718e-08,834,831,1.50527399208367e-23
"Y15",1.90899004499871e-08,6.47365236462217e-09,1,1,3.19871700707329e-12
"Y16",1.95518864051041e-08,4.58796796140213e-08,26,28,4.36714449934645e-15
"Y17",1.98326992819373e-08,4.77287801104674e-08,53,61,7.07131180059748e-14
"Y18",1.83941062340569e-08,2.19581018205070e-11,855,0,5.53685068398364e-10
"Y19",1.83934566381617e-08,1.41255275888928e-07,0,0,9.74193614694277e-20
"Y2",1.84012412741314e-08,1.54164809918825e-07,0,0,0.01210012042394
"Y20",1.90899004499871e-08,1.28423047673691e-12,43,0,1.98930548417394e-16
"Y21",1.84012412741314e-08,3.30996343324982e-08,0,0,0.000849066141481387
"Y22",1.95920849544151e-08,2.24919302092851e-09,4,0,0.00159952154166552
"Y23",1.95518864051041e-08,7.32307487527665e-08,0,0,0.00223640856830542
"Y24",1.95920849544151e-08,6.11269933841138e-07,0,0,0.34636157756635
"Y25",1.95518864051041e-08,3.1368527384552e-07,0,0,0.00973202804395706
"Y26",1.83992166349526e-08,1.21642513452521e-07,0,0,0.16536175239828
"Y261",1.77559340331539e-08,4.73134557890066e-09,45,22,5.06746725353066e-18
"Y262",1.77559340331539e-08,4.91050691623895e-08,19,25,1.34661637703741e-18
"Y269",1.80317091211237e-08,2.97494793263228e-08,0,0,0.175808071612851
"Y27",1.90899004499871e-08,4.00563958073646e-07,0,2,5.80719988700747e-09
"Y270",1.80317091211237e-08,4.83781825278984e-08,0,0,0.0674695651716356
"Y271",1.80317091211237e-08,2.40750965384208e-20,464,25,4.9406200331211e-24
"Y272",1.80317091211237e-08,4.29501914532616e-09,0,0,0.00135468387618308
"Y273",1.80317091211237e-08,7.00088851520903e-10,0,0,0.000376277136876143
"Y274",1.80317091211237e-08,4.50655743029196e-09,93,85,8.17832268344454e-06
"Y275",1.80317091211237e-08,8.33800810863882e-09,0,0,0.0147365666746398
"Y276",1.80317091211237e-08,6.28138542167637e-08,0,0,0.743565840587879
"Y277",1.80317091211237e-08,8.6195056814049e-09,0,0,0.000110028829044916
"Y278",1.80317091211237e-08,5.05898935788367e-08,0,0,0.676538418784514
"Y279",1.80317091211237e-08,1.50387807901415e-19,448,2,3.94266646567968e-19
"Y28",1.95518864051041e-08,8.0973746375814e-17,3314,245,4.46129334541947e-19
"Y280",1.80317091211237e-08,7.99632695981347e-08,0,0,0.762982924972383
"Y281",1.80317091211237e-08,1.0103107182921e-09,5,0,9.7620022497657e-05
"Y282",1.80317091211237e-08,2.48112730408165e-13,33,0,1.98756001656012e-11
"Y283",1.80317091211237e-08,1.96367622769351e-38,2426,64,7.48478061877578e-25
"Y284",1.80317091211237e-08,5.55110015096595e-12,141,0,6.49369473692993e-08
"Y285",1.80317091211237e-08,1.39510549002689e-08,0,0,0.0371133798506995
"Y286",1.80317091211237e-08,9.81336460790487e-13,318,257,3.10633559212139e-10
"Y287",1.80317091211237e-08,9.86653230788192e-08,168,180,0.0013933493968634
"Y289",2.16203875065294e-08,6.98857516344629e-07,0,11,0.566815680337682
"Y29",1.85340184495033e-08,3.78048926302039e-14,149,0,8.0792926862989e-14
"Y290",2.16177421133072e-08,2.6404154452692e-07,0,0,0.659556859626755
"Y291",2.16225473004033e-08,2.45272129985188e-07,0,1,0.133832135026899
"Y292",2.17933104997555e-08,1.63259087895324e-07,0,0,0.0576809182173179
"Y293",2.16968687079081e-08,1.78313312698912e-07,0,0,0.0753994440864758
"Y294",2.1152363861271e-08,9.64286554199907e-07,3,78,1.20406082214771e-14
"Y3",1.83894044664921e-08,3.06563910901388e-07,0,0,6.90569602507292e-10
"Y30",1.83257385364259e-08,1.54297111201476e-13,711,1,1.69132324479441e-16
"Y31",1.83249124252435e-08,1.75531996153984e-09,9,1,7.09311145109897e-11
"Y315",2.23882635349367e-08,3.21814173321915e-08,0,0,6.47681797669544e-11
"Y316",2.23882635349367e-08,1.58039398906596e-17,1837,5,1.6913445111677e-16
"Y318",2.23882635349367e-08,4.35057005168692e-07,0,1,2.58223299133106e-09
"Y32",1.87810991525592e-08,4.48720526509329e-09,0,0,2.50959937312996e-07
"Y320",2.23882635349367e-08,6.52771022875256e-07,0,5,1.34953658373619e-09
"Y325",2.23882635349367e-08,1.44004904313712e-11,78,1,2.10548367828218e-13
"Y326",2.23882635349367e-08,2.96699827397236e-12,78,5,2.39235848358539e-14
"Y33",1.95920849544151e-08,3.37750884242929e-07,0,0,0.805079178467821
"Y34",1.84409980268132e-08,9.81283990023414e-10,80,12,2.32445591748086e-10
"Y35",1.97267139949989e-08,4.67079421350303e-07,0,0,1.96956627672326e-13
"Y352",1.84511785505787e-08,1.1971115793465e-07,0,0,0.000710308858954573
"Y353",1.84511785505787e-08,7.87993802890865e-08,0,0,0.0119254604359533
"Y354",1.84511785505787e-08,3.59909721074729e-08,0,0,0.0110468966435994
"Y355",1.84511785505787e-08,7.49950183867624e-09,6,0,0.0080192087037444
"Y356",1.84511785505787e-08,8.74802321657457e-13,955,435,2.60615992019258e-10
"Y357",1.84511785505787e-08,5.95595235508439e-08,0,0,0.00116295517657201
"Y358",1.84511785505787e-08,1.6209331516507e-11,3,0,3.65216571870466e-10
"Y359",1.84511785505787e-08,7.64081826104801e-08,0,0,0.00814470133747566
"Y36",1.84882320554144e-08,1.83800976721301e-22,4619,0,1.55434302415133e-15
"Y360",1.84511785505787e-08,2.39621396433414e-23,4047,441,1.56932369488957e-17
"Y361",1.84329146972633e-08,1.4587172535837e-07,0,0,0.351033224942734
"Y362",1.84329146972633e-08,1.60427579364904e-07,0,1,0.291972547848017
"Y363",1.84329146972633e-08,9.45043654833869e-08,0,0,0.387764904653464
"Y364",1.84329146972633e-08,2.37660038858085e-10,49,0,1.64942933393173e-06
"Y365",1.84329146972633e-08,3.22737760114786e-12,84,0,2.87191474128909e-06
"Y366",1.84329146972633e-08,2.16811107091935e-14,569,0,4.83974363198487e-08
"Y367",1.84329146972633e-08,3.46784756026193e-08,0,0,0.0285437315005848
"Y368",1.84329146972633e-08,1.79379120930944e-07,0,0,0.854619628817036
"Y369",1.84329146972633e-08,1.00160223257832e-09,4,0,8.87344970522116e-05
"Y37",1.86782661189701e-08,5.97780218439114e-09,181,154,5.34192420059191e-13
"Y370",1.84250557173685e-08,8.65008522657026e-14,55,0,2.43551143848473e-21
"Y371",1.84250557173685e-08,1.01329579047068e-11,37,0,5.23670479813404e-16
"Y372",1.84250557173685e-08,1.37965671018845e-16,1116,0,3.95708126705472e-19
"Y373",1.84250557173685e-08,5.33876532787691e-08,0,0,0.876399106993368
"Y374",1.84250557173685e-08,3.05689794721525e-28,2707,0,1.0248540017438e-21
"Y375",1.84250557173685e-08,8.37162157522911e-28,5998,0,2.08198343692883e-23
"Y376",1.84250557173685e-08,4.81503645436665e-24,3813,0,2.82138276396986e-22
"Y377",1.84250557173685e-08,9.92907460562282e-08,0,0,0.601167519371291
"Y378",1.84250557173685e-08,1.81390647382079e-49,5760,0,6.46037346159017e-25
"Y379",1.84207928014489e-08,1.61004846007309e-07,0,0,0.00769962372016437
"Y38",1.87810991525592e-08,3.94520065010451e-10,3,0,1.5418443010709e-06
"Y380",1.84207928014489e-08,1.61200812602618e-07,0,0,0.102668277103766
"Y381",1.84207928014489e-08,2.38533294457931e-09,0,0,3.65190370435672e-05
"Y382",1.84207928014489e-08,1.20202861147731e-08,0,0,0.000366700515117499
"Y383",1.84207928014489e-08,1.25295690185844e-12,67,0,1.6864151017584e-07
"Y384",1.84207928014489e-08,5.81188190515882e-09,0,0,4.52715890022333e-06
"Y385",1.84207928014489e-08,1.87369857785945e-12,15,1,1.03924566450791e-11
"Y386",1.84207928014489e-08,1.3594358520466e-08,0,0,0.00593126486168515
"Y387",1.84207928014489e-08,3.99791429435272e-18,1683,49,1.57555384149375e-14
"Y388",1.77810905925228e-08,1.87552182677988e-07,0,0,0.00155681885836957
"Y389",1.77735310887496e-08,1.60976212460653e-11,56,1,3.61850898774087e-11
"Y39",1.90899004499871e-08,1.17037889953073e-08,0,0,0.000401246834771263
"Y390",1.77726908387111e-08,8.11731598185046e-13,49,0,6.18599147782525e-23
"Y391",1.77726908387111e-08,1.78403352851555e-10,15,0,1.80109388804984e-13
"Y392",1.77726908387111e-08,3.92694303022901e-08,11,16,0.00359827272074583
"Y4",1.90899004499871e-08,1.73928922137683e-12,420,0,2.25347660621584e-13
"Y40",1.95713330074054e-08,1.88108179240318e-08,0,0,0.000238515953679402
"Y41",1.83934566381617e-08,1.58406865032024e-12,244,1,1.40312202226315e-16
"Y42",1.84012412741314e-08,2.19778552104579e-08,0,0,0.0186360677791108
"Y43",1.97234457333059e-08,4.6413899530611e-10,69,42,3.36168707662923e-16
"Y44",1.96844271378961e-08,3.02787664066303e-07,0,1,0.346797224981172
"Y45",1.83884373505939e-08,1.58187606292297e-13,39,0,3.47282378515128e-21
"Y46",1.83934566381617e-08,2.64605834009256e-10,0,0,7.32802576472831e-23
"Y47",1.84720783452564e-08,1.21309589087619e-07,10,184,2.56425971134992e-15
"Y48",1.84889977521077e-08,6.16552488386265e-14,113,0,1.53013981534715e-12
"Y49",1.84410728426066e-08,1.03523758705365e-10,450,89,2.21445323605849e-17
"Y5",1.95920849544151e-08,1.50736100752448e-13,48,4,6.29918458093548e-10
"Y50",1.91063282451907e-08,2.90414452360009e-13,292,0,9.4817810541975e-11
"Y51",1.95920849544151e-08,3.61569938834901e-07,0,0,0.284105274662659
"Y518",1.77738596291662e-08,3.14112350869443e-08,0,0,0.257207912736279
"Y519",1.77738596291662e-08,8.28570355185317e-08,0,0,0.620332270148796
"Y52",1.87810991525592e-08,5.04955389577717e-10,1,0,3.59781789509052e-11
"Y520",1.77738596291662e-08,1.13970139030409e-16,33,0,9.04719380662054e-23
"Y521",1.77738596291662e-08,3.80563042035732e-19,190,0,6.97979361410394e-32
"Y522",1.77738596291662e-08,4.15991498018378e-08,0,0,0.721811307988786
"Y523",1.77738596291662e-08,2.49909407483408e-08,0,0,0.0861777997830148
"Y524",1.77738596291662e-08,9.74980110840862e-09,0,0,0.000431573009294748
"Y525",1.77738596291662e-08,7.23705382627134e-10,1,0,5.09912652738448e-15
"Y526",1.77738596291662e-08,5.48754907515075e-16,274,0,2.70911022967474e-28
"Y527",1.77738596291662e-08,1.58106642228991e-10,32,0,3.09089581060813e-27
"Y528",1.77738596291662e-08,2.00321930745526e-07,0,5,9.86382881071149e-13
"Y529",1.77738596291662e-08,2.82500950713152e-11,6,0,4.29557999139573e-29
"Y53",1.87050564256732e-08,1.64262272929825e-10,290,25,3.69719756705024e-18
"Y530",1.77738596291662e-08,9.09219446609444e-11,0,0,2.60949652427333e-24
"Y531",1.77738596291662e-08,2.35264784728822e-08,0,0,6.1373596098955e-15
"Y532",1.77738596291662e-08,1.43800315510869e-07,0,0,2.27900852703749e-10
"Y533",1.77738596291662e-08,2.23791199495739e-08,0,0,1.90725962138368e-16
"Y534",1.77746494394764e-08,1.0674742236423e-07,0,0,0.0941251014864278
"Y535",1.77738596291662e-08,2.15876851822631e-08,0,0,0.204081782055144
"Y536",1.77834115625608e-08,2.54602448062224e-24,324,0,1.17394995765681e-28
"Y537",1.80153822539837e-08,3.31235526152429e-13,59,0,3.10733916655887e-13
"Y538",1.77738596291662e-08,6.25959088292513e-08,0,0,0.497271205404113
"Y539",1.77738722655786e-08,1.19238276085189e-08,1,1,5.41860905851592e-05
"Y54",1.95920849544151e-08,5.40634001349616e-07,0,0,0.201233959251475
"Y540",1.77758564052099e-08,7.75202161284666e-11,3,0,3.01835020903951e-06
"Y541",1.77872896297256e-08,2.19447131309199e-18,21,0,1.25959724688433e-15
"Y542",1.77863658257036e-08,2.31558695135211e-11,533,66,3.36096272609085e-26
"Y543",1.77863658257036e-08,1.54293612847112e-08,7,7,8.99699760978919e-06
"Y544",1.77863658257036e-08,2.75431877666935e-09,191,163,6.38502224987869e-22
"Y545",1.77863658257036e-08,4.06827957972917e-14,703,50,1.59379589841145e-28
"Y546",1.77863658257036e-08,3.72008666705144e-08,51,70,3.62985945082659e-16
"Y547",1.77863658257036e-08,7.87715950395395e-08,4,7,4.2909891651477e-08
"Y548",1.77863658257036e-08,1.22687325035208e-07,101,202,0.518886807256493
"Y549",1.77863658257036e-08,2.79760673822811e-14,651,20,5.19542192024996e-15
"Y55",1.83884373505939e-08,7.87801867791193e-11,2,0,2.39954176803753e-23
"Y550",1.77863658257036e-08,3.49831994763746e-12,250,13,5.30746878339205e-11
"Y551",1.77863658257036e-08,2.8572223030917e-08,2,2,1.0952204130743e-05
"Y552",1.77863658257036e-08,7.08464216914505e-08,0,5,3.50711686204595e-05
"Y553",1.77863658257036e-08,1.67695484227759e-08,3,3,1.28168372491735e-05
"Y554",1.77866821861398e-08,3.66607618309442e-08,805,956,3.78025787440813e-06
"Y555",1.77863658257036e-08,5.61825450379192e-08,367,541,4.63485853350766e-10
"Y556",1.77877958644086e-08,1.73199600194217e-10,2293,522,6.49763897988578e-18
"Y557",1.77863658257036e-08,2.98256428197848e-23,345,0,1.50374058439774e-20
"Y558",1.77863658257036e-08,4.02150186988103e-23,361,0,1.48585168550971e-25
"Y559",1.77863658257036e-08,2.00820169410107e-09,26,6,2.98937491893411e-09
"Y56",1.87810991525592e-08,1.11372527126317e-10,4,0,1.16529430682522e-08
"Y560",1.77863658257036e-08,1.76529518966119e-13,206,2,1.14204112086568e-20
"Y561",1.77863658257036e-08,1.46206696344325e-21,327,0,6.00933430494942e-25
"Y562",1.77863658257036e-08,8.5319296303347e-11,90,5,8.86710267501124e-10
"Y563",1.77863658257036e-08,1.06520401080931e-08,17,14,1.7192671510591e-08
"Y564",1.77863658257036e-08,1.06419193552051e-19,290,1,3.30863359325552e-25
"Y565",1.77863658257036e-08,1.82209005644868e-07,17,96,1.26923454147612e-08
"Y566",1.77863658257036e-08,1.73444542096423e-07,6,41,9.54910563071444e-10
"Y567",1.77863658257036e-08,3.61255535397976e-14,4171,847,3.40165830801876e-26
"Y568",1.77863658257036e-08,4.30060189490127e-08,82,136,2.93218140463780e-09
"Y569",1.77872136970083e-08,1.15698698286626e-11,2756,410,7.1902457494284e-22
"Y57",1.83894044664921e-08,7.34712011138745e-07,0,0,3.34859612541433e-19
"Y570",1.77863658257036e-08,2.41120904368759e-12,1482,159,1.63965980301489e-20
"Y571",1.77863658257036e-08,3.12189919519604e-08,46,51,3.0264662709448e-12
"Y572",1.77866125858782e-08,8.61973861918304e-08,1097,1676,1.24401820091749e-15
"Y573",1.77863658257036e-08,1.27180547885833e-10,205,60,2.06311712272933e-15
"Y574",1.77863658257036e-08,1.72664149596801e-07,1,9,0.00603410762340911
"Y575",1.77863658257036e-08,1.67174585516661e-08,1,1,2.59069342089179e-08
"Y576",1.77863658257036e-08,2.37925514884332e-09,143,59,3.3172867713486e-35
"Y577",1.77863658257036e-08,2.74464085428139e-17,7703,694,9.66174143615361e-41
"Y578",1.77863658257036e-08,6.33468350031466e-08,4,10,3.02512071610588e-33
"Y579",1.77863658257036e-08,3.92694317671662e-08,10,32,1.91134801511287e-33
"Y58",1.86941675318951e-08,8.46995168167367e-10,12,0,1.06313727099449e-11
"Y580",1.77863658257036e-08,2.14016240912783e-08,9,15,2.76432309503284e-33
"Y581",1.77863658257036e-08,1.72897349833271e-07,1,4,1.66625784914492e-31
"Y582",1.77863658257036e-08,4.68111777431363e-14,1405,47,7.26384184723229e-39
"Y583",1.77863658257036e-08,2.26520314364198e-23,1122,2,4.86848904828805e-42
"Y584",1.77863658257036e-08,2.19821593495703e-09,138,73,1.53699679848784e-35
"Y585",1.77863658257036e-08,1.01008672937563e-07,7,16,1.3282653040035e-32
"Y586",1.77863658257036e-08,2.18937655428325e-08,135,151,1.14216103669917e-32
"Y587",1.77863658257036e-08,8.50565548233745e-11,404,116,4.5559213436983e-36
"Y588",1.77863658257036e-08,2.93786361106998e-11,36,0,6.70445970241289e-13
"Y589",1.77863658257036e-08,7.62782006119856e-09,4,2,5.51608706881748e-13
"Y59",1.83884373505939e-08,2.21668664499855e-07,0,0,3.19643534130406e-19
"Y590",1.77863658257036e-08,7.80792202574814e-14,175,21,4.33611786426315e-18
"Y591",1.77863658257036e-08,7.67476592717345e-15,150,3,1.06664272878702e-17
"Y592",1.77863658257036e-08,1.26137987813381e-15,1047,86,1.25686946544677e-26
"Y593",1.77863658257036e-08,4.83965176434713e-08,51,112,1.00867953309603e-10
"Y594",1.77863658257036e-08,1.2479637359724e-11,241,115,2.62380980020578e-23
"Y595",1.77863658257036e-08,2.93438174273546e-23,1755,76,1.45154797688004e-29
"Y596",1.77863658257036e-08,1.66538757697916e-08,116,116,5.87094735180065e-17
"Y597",1.77863658257036e-08,1.12070211800235e-07,26,96,5.01180103144381e-10
"Y598",1.77863658257036e-08,1.69302462072765e-07,2,14,0.00131234521758306
"Y599",1.77863658257036e-08,9.57897293353276e-08,95,136,0.000430452483826732
"Y6",1.83966373890315e-08,4.59820447466554e-07,0,0,6.92618326661526e-10
"Y60",1.83894044664921e-08,1.60969145626259e-10,1,0,3.97835813311352e-23
"Y600",1.77863658257036e-08,3.05218915623927e-09,103,76,3.80620358488703e-06
"Y601",1.77863658257036e-08,7.18635860102746e-08,53,69,0.00259399077192303
"Y602",1.77863658257036e-08,1.77455750469117e-07,2,5,5.57218231347936e-07
"Y603",1.77863658257036e-08,1.22558776523136e-07,6,15,1.89832886562615e-07
"Y604",1.77863658257036e-08,2.04382854214658e-19,367,9,6.41301901911602e-26
"Y605",1.77863658257036e-08,9.22747223224051e-34,1799,0,6.94070831721367e-27
"Y606",1.77863658257036e-08,6.42279355664951e-18,227,6,3.49131089642721e-22
"Y607",1.77863658257036e-08,3.38829049468603e-22,333,0,6.61630940369483e-25
"Y608",1.77863658257036e-08,3.508620762942e-20,194,0,1.08212403236989e-24
"Y609",1.77863658257036e-08,5.94452538283166e-17,192,9,8.37341564798669e-22
"Y61",1.83894044664921e-08,1.84638907861562e-07,0,0,1.48375828452284e-19
"Y610",1.77863658257036e-08,1.61911921627849e-09,2,0,1.4202602844678e-13
"Y611",1.77863658257036e-08,1.56505314646198e-09,8,1,1.46599733475314e-10
"Y612",1.77863658257036e-08,9.54560001098482e-09,12,11,8.377679762523e-08
"Y613",1.77863658257036e-08,3.91189649265596e-08,31,40,2.41890971418459e-12
"Y614",1.77863658257036e-08,5.41799347287996e-08,73,90,2.32832663838116e-11
"Y615",1.77863658257036e-08,7.48361801106062e-29,1922,3,3.22012483481828e-22
"Y616",1.77863658257036e-08,1.73833502670934e-09,2057,1267,6.20824058395871e-13
"Y617",1.77863658257036e-08,7.7714328891825e-08,372,621,0.000346940724940958
"Y618",1.77863658257036e-08,2.95013844443266e-08,721,807,5.40928166174112e-08
"Y619",1.77863658257036e-08,1.71376146981662e-08,877,873,1.70366744928889e-08
"Y62",1.83884373505939e-08,3.90285842296485e-10,1,0,1.08797603744598e-22
"Y620",1.77863658257036e-08,4.18677717131440e-09,1508,977,5.63263415474392e-10
"Y621",1.77864101154872e-08,2.26580855139918e-08,823,877,7.0892818021727e-07
"Y622",1.77863658257036e-08,6.81757981889057e-08,218,450,0.00019883589588972
"Y623",1.77863658257036e-08,2.92688599972158e-08,374,415,9.1298388839787e-05
"Y624",1.77863658257036e-08,4.28476032992735e-08,429,498,2.37256701992237e-07
"Y625",1.77863658257036e-08,1.23788400613022e-08,81,77,2.3499024280263e-09
"Y626",1.77863658257036e-08,9.68421853763917e-08,54,108,1.15187715136887e-08
"Y627",1.77863658257036e-08,1.33798988126498e-07,79,228,1.47722107966524e-06
"Y628",1.77870997991481e-08,1.99252698974895e-11,2767,485,3.79932608224481e-22
"Y629",1.77863911341243e-08,2.35826428404902e-08,39,65,3.53323339566583e-09
"Y63",1.84012412741314e-08,1.89575318664999e-07,0,0,0.0561148858439091
"Y630",1.77863658257036e-08,2.76916274817271e-10,2109,937,2.44314787761303e-17
"Y631",1.77879414122131e-08,4.6554023448347e-12,1622,185,4.51395234445774e-23
"Y632",1.77871947139303e-08,7.0297099287355e-11,2946,1011,7.47651742799025e-22
"Y633",1.77886565295043e-08,3.05139334288876e-10,1978,739,2.67435976566724e-16
"Y634",1.77863658257036e-08,3.80077692579121e-08,346,435,0.000106903214673571
"Y635",1.77863658257036e-08,2.69250525911407e-08,342,417,1.63040288814137e-07
"Y636",1.77863658257036e-08,2.57384513398107e-10,557,195,5.95043452766594e-11
"Y637",1.77863658257036e-08,5.81795351309385e-09,498,338,2.38181344269592e-12
"Y638",1.77863658257036e-08,8.04773947213536e-09,264,168,4.6908349013121e-12
"Y639",1.77863658257036e-08,1.39529228736716e-08,173,160,1.880555694884e-09
"Y64",1.95920849544151e-08,1.6176740741213e-07,0,0,0.0493125644605403
"Y640",1.80623178866799e-08,8.61184961035e-08,0,0,0.196828787016835
"Y641",1.80623178866799e-08,7.06065239384566e-08,0,0,0.443436842701842
"Y642",1.80623178866799e-08,1.53284192233999e-07,0,0,0.801476607977848
"Y643",1.80623178866799e-08,1.03989420438683e-07,0,0,0.00748542994927561
"Y644",1.80623178866799e-08,4.22361009077604e-08,0,0,4.18205640592174e-08
"Y645",1.80623178866799e-08,2.5997902116678e-07,0,0,0.0536654617680849
"Y646",1.80623178866799e-08,5.70908843252529e-13,153,74,8.05762141167721e-10
"Y647",1.80623178866799e-08,1.00572803100206e-20,1302,0,1.21406907073221e-17
"Y648",1.80623178866799e-08,2.27455844297338e-09,0,0,3.25209352816134e-10
"Y649",1.80623178866799e-08,7.42154646770795e-11,1,0,2.27104275747666e-07
"Y65",1.95920849544151e-08,1.32383273990634e-07,0,0,0.169255132275955
"Y650",1.80623178866799e-08,7.73471786023693e-09,4,4,0.000184114771132728
"Y651",1.80623178866799e-08,5.81023058130111e-11,2,0,1.28885041263216e-13
"Y652",1.80623178866799e-08,1.2178054918197e-07,0,4,0.674902206501814
"Y653",1.80623178866799e-08,9.62443503119154e-08,0,0,0.242776513137512
"Y654",1.80623178866799e-08,1.01999441846169e-10,7,0,5.86384135190259e-10
"Y655",1.80623178866799e-08,7.40345942414771e-28,687,0,2.95876841606816e-23
"Y656",1.80634402472235e-08,1.35205867960969e-07,0,1,0.0162321942613945
"Y657",1.80634402472235e-08,6.47023077436487e-12,144,2,1.74323703618629e-09
"Y658",1.80634402472235e-08,5.70174590339229e-12,19,0,2.42604842901851e-09
"Y659",1.80623178866799e-08,1.75667483857095e-10,0,0,1.31542875638744e-08
"Y66",1.97917668624864e-08,8.27485932152276e-08,0,0,1.28680820265356e-13
"Y660",1.80623178866799e-08,3.93213581004844e-09,0,0,0.01088813351501
"Y661",1.80623178866799e-08,4.14833044631821e-09,0,0,0.00631908582756148
"Y662",1.80623178866799e-08,1.2417385229697e-08,0,0,0.00896830043008148
"Y663",1.80623178866799e-08,6.31869848356716e-09,0,0,0.00421729702278991
"Y664",1.80623178866799e-08,5.04696952844022e-14,40,0,1.69053747365632e-13
"Y665",1.80623178866799e-08,1.73269463561763e-07,0,0,0.786763274000448
"Y666",1.80623178866799e-08,7.91616039217951e-09,1,0,5.62365853945785e-06
"Y667",1.80623178866799e-08,0,14229,0,1.46548296936935e-37
"Y668",1.80623178866799e-08,3.2413426745677e-11,1,0,2.68025825608823e-11
"Y669",1.80623178866799e-08,5.60227941384204e-15,214,0,6.90144980405196e-14
"Y67",1.95920849544151e-08,4.02321350518818e-08,3,5,0.00613207705239096
"Y670",1.80623178866799e-08,3.77204484768088e-08,0,0,0.227193063024471
"Y671",1.80623178866799e-08,1.79702328016049e-19,1097,0,4.45918444796306e-24
"Y672",1.80623178866799e-08,4.37502706289748e-08,0,0,0.176418718920076
"Y673",1.80623178866799e-08,1.67157907088554e-07,0,0,1.07662576049853e-05
"Y674",1.80623178866799e-08,2.10342333067444e-09,0,0,1.24590530435163e-08
"Y675",1.80623178866799e-08,1.19601394602636e-24,795,0,3.20270965906647e-24
"Y676",1.80634402472235e-08,1.91495755403011e-07,0,0,0.432338329279374
"Y677",1.80634402472235e-08,1.25420417965417e-10,1,0,7.52943266750819e-05
"Y678",1.80634402472235e-08,9.9450795799493e-14,18,0,2.11852732642895e-13
"Y679",1.80623178866799e-08,1.04627405583792e-09,0,0,7.45693174382245e-08
"Y68",1.96021008747634e-08,1.48395388080683e-07,3,184,1.08568099383586e-06
"Y680",1.80623178866799e-08,9.31066945125359e-08,0,0,0.231541711923049
"Y681",1.80623178866799e-08,1.89107416379055e-07,0,0,0.502169082007852
"Y682",1.80623178866799e-08,1.62648933335217e-07,0,0,0.501937309016532
"Y683",1.80623178866799e-08,5.09491450888561e-11,1,0,1.26058461936414e-06
"Y684",1.80623178866799e-08,1.29379096130048e-27,799,0,2.2282434043963e-21
"Y685",1.80623178866799e-08,1.65787171862778e-08,0,0,0.00551906217956308
"Y686",1.80623178866799e-08,6.64494227770348e-08,0,0,0.748787103154855
"Y687",1.80623178866799e-08,2.32307162865686e-13,75,0,1.33889815853485e-09
"Y688",1.80623178866799e-08,6.98276408639938e-15,331,0,1.65340454422962e-16
"Y689",1.80623178866799e-08,5.38037349677278e-45,1840,1,4.36030830341434e-24
"Y69",1.85510102694683e-08,7.80928142817686e-12,37,0,1.00934314050611e-07
"Y690",1.80623178866799e-08,3.320273523278e-09,0,0,0.000586988862454393
"Y691",1.80623178866799e-08,1.17338292723108e-12,113,0,1.53868427403091e-14
"Y692",1.80623178866799e-08,1.06800941270414e-07,0,0,0.331413789130174
"Y693",1.80623178866799e-08,4.65504676961461e-08,0,0,0.00123819310222946
"Y694",1.80623178866799e-08,1.50313785987883e-19,517,0,9.24034317825529e-18
"Y695",1.80623178866799e-08,4.88061836164047e-52,4663,88,7.23603845582394e-29
"Y696",1.80634402472235e-08,1.57238932497366e-07,0,0,0.619952386530672
"Y697",1.80634402472235e-08,2.29640652551929e-09,0,0,1.31286223720915e-05
"Y698",1.80634402472235e-08,1.10116468530196e-27,807,1,3.70267242589971e-20
"Y699",1.78942350500824e-08,2.04525969865657e-07,178,249,1.09686541686558e-15
"Y7",1.96949023290404e-08,5.57144018501204e-10,1,0,8.24091275974983e-16
"Y70",1.84012412741314e-08,1.60950944835771e-08,0,0,0.0653537166726203
"Y700",1.775839350469e-08,4.73205016632423e-10,0,0,6.41644848073954e-13
"Y701",1.77565519901188e-08,1.83193599210286e-08,17,17,3.27703124075181e-17
"Y702",1.77565582960238e-08,3.96256717706404e-08,10,19,5.96541539741269e-16
"Y703",1.77565519901188e-08,5.54093686579943e-08,7,19,4.84903635001866e-16
"Y704",1.77568609847316e-08,5.32799683626959e-08,11,22,1.70044470037814e-07
"Y705",1.77565709078473e-08,2.91848781510453e-10,21,0,1.84258674724269e-18
"Y706",1.7758399811903e-08,2.61637056506649e-08,0,0,8.98709935572602e-11
"Y707",1.77584754988089e-08,8.91202157169546e-08,0,0,0.000487388052654197
"Y71",1.9587878863856e-08,2.36916932584011e-09,0,0,1.97067944449986e-05
"Y717",1.83221458310889e-08,7.41254013608286e-08,0,0,0.02162679639141
"Y718",1.83221458310889e-08,3.80404080874112e-08,0,0,0.0487751750743809
"Y719",1.83221458310889e-08,2.00365648583181e-07,0,0,0.106725393280974
"Y72",1.90899004499871e-08,3.19509414879903e-10,0,0,2.94967087837301e-07
"Y720",1.83221458310889e-08,7.03192391466329e-08,0,0,0.28403984317988
"Y721",1.83221458310889e-08,1.38213951370948e-07,0,0,0.762750082440851
"Y722",1.83221458310889e-08,8.3920148548865e-09,0,0,6.81534071740612e-05
"Y723",1.83221458310889e-08,1.90209881000555e-30,1810,0,4.31306933447234e-21
"Y724",1.83221458310889e-08,1.44629668438241e-27,2906,0,7.37122142573911e-21
"Y725",1.83221458310889e-08,1.34451152305099e-26,1452,0,5.63113003852351e-20
"Y726",1.83221458310889e-08,1.30273860051113e-20,809,0,2.47969456834075e-17
"Y727",1.83221458310889e-08,4.22304748871507e-35,3276,0,2.05035957195429e-22
"Y728",1.83221458310889e-08,1.55277222305637e-18,967,0,2.40306182616074e-14
"Y729",1.83221458310889e-08,9.0769879795172e-16,648,0,3.05307315843355e-11
"Y73",1.95920849544151e-08,3.18948797570122e-11,2337,71,9.39785875950361e-07
"Y730",1.83303271596791e-08,3.56027558320924e-09,0,0,0.00113110764768566
"Y731",1.83231664190596e-08,5.39355278225704e-08,0,0,0.345792594368923
"Y732",1.83221458310889e-08,1.28376238572426e-07,0,0,0.951430177928741
"Y733",1.83329416194807e-08,9.09122049931975e-10,5,0,0.000566809089532482
"Y734",1.83221458310889e-08,5.52037016495641e-08,0,0,0.478756182249793
"Y735",1.83221458310889e-08,9.94109359629895e-08,0,0,0.00831979834740423
"Y736",1.84315353247747e-08,2.61991372243419e-08,0,0,0.00595797290248473
"Y737",1.83221458310889e-08,1.09276240258303e-07,0,0,0.732218126531685
"Y738",1.83221458310889e-08,9.97172003725037e-08,0,0,0.918062679748233
"Y739",1.83742399036308e-08,1.42484555428574e-09,4,0,2.23555887036091e-06
"Y74",1.98599082075043e-08,5.50879628357645e-07,0,0,1.98984390940648e-13
"Y740",1.83221458310889e-08,3.6723091745002e-07,0,0,0.19398303184901
"Y741",1.83221458310889e-08,2.62568316302836e-08,0,0,0.00566690005163919
"Y742",1.83281501324759e-08,6.47597568303745e-08,0,0,0.0398277638555284
"Y743",1.83221458310889e-08,2.45297972419794e-07,0,0,0.490408821171878
"Y744",1.83221458310889e-08,2.90549695036779e-07,0,6,0.0399124939951364
"Y745",1.84768088333928e-08,4.35384863394423e-08,0,0,0.000908549082482194
"Y746",1.83221458310889e-08,2.892132796932e-08,34,35,0.00611452367539521
"Y747",1.83262960356556e-08,8.96580046769823e-08,0,0,0.0812279650472208
"Y748",1.8267622867118e-08,1.29524457534936e-07,0,0,0.569517682537465
"Y749",1.83989525844273e-08,2.53621010637903e-07,0,0,0.00459660539178603
"Y75",1.83884373505939e-08,2.02462940081949e-07,0,0,6.44007464097592e-20
"Y750",1.8267622867118e-08,2.31354304038156e-08,0,0,0.0190671605023942
"Y751",1.83989525844273e-08,9.86042941944037e-10,201,170,9.51424571237525e-07
"Y752",1.83133144388764e-08,8.31179729780308e-08,9,28,0.187244236620256
"Y753",1.83989525844273e-08,4.68491246349024e-08,3,4,0.0839070700266137
"Y754",1.83096461441167e-08,1.12641916682777e-08,0,0,0.00140529954163642
"Y755",1.83019655945009e-08,1.02865982568412e-07,0,1,0.288943523092112
"Y756",1.83016440366838e-08,9.88080406506215e-08,0,0,0.645960119955449
"Y757",1.83016440366838e-08,1.55153039951981e-07,0,0,0.818460108043849
"Y758",1.83016440366838e-08,5.161943420036e-08,0,0,0.15610718905551
"Y759",1.83016440366838e-08,1.97263237899154e-07,5,10,0.790419546624427
"Y76",1.95920849544151e-08,3.18867035546074e-07,0,0,0.697378204394923
"Y760",1.83016440366838e-08,1.14678821353365e-07,9,10,0.863849585838132
"Y761",1.84538480332996e-08,1.70778049609434e-08,0,0,0.000863991894418016
"Y762",1.83054297565744e-08,2.63033701955639e-08,11,35,0.0222935191091452
"Y763",1.83052153022813e-08,9.39033058624222e-08,0,0,0.287527329998613
"Y764",1.83016440366838e-08,2.5895788572721e-12,865,566,6.09449689455166e-09
"Y765",1.83066696689605e-08,1.29410001888705e-07,0,0,0.36918930873558
"Y766",1.83016440366838e-08,1.13580793625105e-08,0,0,0.0640400780531821
"Y767",1.83016440366838e-08,1.25472909079304e-08,0,0,0.00466405198889753
"Y768",1.80237466466819e-08,7.35246426416005e-08,3,24,0.00157935638701464
"Y77",1.9587878863856e-08,8.07950839992708e-11,49,0,1.4784147411027e-06
"Y78",1.95518864051041e-08,3.30280712907966e-09,90,42,3.16039194980308e-16
"Y79",1.95518864051041e-08,1.96106487376154e-09,0,0,2.30005831716097e-05
"Y8",1.83894044664921e-08,4.975531474059e-09,2,2,3.97739429149242e-22
"Y80",2.01058452115316e-08,4.280951924132e-07,0,1,1.82344828916789e-12
"Y81",1.95920849544151e-08,4.21353469824998e-08,0,0,0.00738792401119697
"Y82",1.9058211783235e-08,7.13165849116187e-10,11,2,1.23628357815673e-13
"Y83",1.84012412741314e-08,2.30664381696164e-13,113,0,3.97745756292352e-14
"Y84",1.84012412741314e-08,4.5978251898582e-10,0,0,1.54324773161367e-08
"Y85",1.83884373505939e-08,4.61025219856952e-12,13,0,1.39095977515986e-11
"Y86",1.83867603557912e-08,2.25225056451189e-12,600,3,9.51016642317634e-08
"Y87",1.83894044664921e-08,9.30300644989696e-18,257,0,1.25592925707835e-13
"Y88",1.97527040464204e-08,1.33790333394636e-07,44,65,7.58013952899541e-14
"Y89",1.84425284706533e-08,1.89899068427361e-09,287,121,6.02843982559712e-18
"Y9",1.83884373505939e-08,1.62670934470457e-07,0,0,2.31102231630229e-19
"Y90",1.93116553564738e-08,4.28836542087144e-07,0,0,0.618924472232357
"Y91",1.95920849544151e-08,2.36901111334354e-07,0,0,0.254009237786273
"Y92",1.83934566381617e-08,1.94268863526329e-07,0,1,2.36769320270417e-10
"Y93",1.95518864051041e-08,1.04593149278995e-07,0,0,0.00940394923575706
"Y94",1.99921310972001e-08,1.34087730207125e-09,29,1,1.15049733758083e-06
"Y95",1.95920849544151e-08,4.25171047640819e-08,0,0,0.00716254183997464
"Y96",1.95518864051041e-08,3.16305299085985e-09,0,0,4.92713927713176e-06
"Y97",1.97227922109171e-08,7.03480936644634e-07,195,212,1.32843444823644e-13
"Y98",1.95920849544151e-08,2.32125579220692e-07,0,0,0.545334236293185
"Y99",1.84943662461541e-08,7.07418509180341e-18,628,0,1.21890732404905e-13
